max_time,max_length,max_G,max_k,stress_max,stress_min
1000000.0,4e-05,21446700507614.21,21446700619202.996,48817668.84833298,-48817747.759410575
